{
  "metadata": {
    "total_spans": 0,
    "recording_duration": 2.00773286819458,
    "timestamp": 1758114553.484792
  },
  "spans": []
}