{
  "metadata": {
    "total_spans": 0,
    "recording_duration": 2.0093817710876465,
    "timestamp": 1758114507.878537
  },
  "spans": []
}